{
    "drugs_vaso4h": {
        "mean": 0.09527179169431528,
        "std": 0.30378364447188594
    },
    "vent_pinsp": {
        "mean": 21.399606746817568,
        "std": 7.018598931713823
    },
    "blood_chlorid": {
        "mean": 106.97713951460572,
        "std": 6.5976179225831855
    },
    "vital_hr": {
        "mean": 88.51397340838625,
        "std": 17.410321331761235
    },
    "blood_wbc": {
        "mean": 12.596194492884555,
        "std": 5.941908714370264
    },
    "blood_pao2": {
        "mean": 101.23013890713396,
        "std": 44.86368273426998
    },
    "vital_SBP": {
        "mean": 117.05387488157118,
        "std": 24.097516825318415
    },
    "blood_be": {
        "mean": 1.0786915760091018,
        "std": 5.01269621146207
    },
    "blood_paco2": {
        "mean": 38.935678455368475,
        "std": 8.531922157069957
    },
    "vital_map": {
        "mean": 76.58148711501116,
        "std": 15.371255988566455
    },
    "vital_DBP": {
        "mean": 58.80811358043327,
        "std": 13.544134305052351
    },
    "blood_potas": {
        "mean": 4.065615465835993,
        "std": 0.5371925392976056
    },
    "blood_INR": {
        "mean": 1.3391152377440827,
        "std": 0.5637312862141839
    },
    "blood_ph": {
        "mean": 7.421893081335423,
        "std": 0.07178450893667157
    },
    "daemo_weight": {
        "mean": 85.42922732869448,
        "std": 19.63211223347848
    },
    "state_ivfluid4h": {
        "mean": 1830.9509242760446,
        "std": 3817.5152995433123
    },
    "state_urin4h": {
        "mean": 383.0226686431443,
        "std": 683.3251139217516
    },
    "blood_sao2": {
        "mean": 96.57766463989495,
        "std": 3.660551400974892
    },
    "daemo_height": {
        "mean": 171.96430066916005,
        "std": 8.604803209691504
    },
    "daemo_age": {
        "mean": 61.88263878268089,
        "std": 15.47225761576753
    },
    "blood_hb": {
        "mean": 5.915364815959536,
        "std": 1.0336940560968524
    },
    "blood_sodium": {
        "mean": 140.1030352205209,
        "std": 5.592692728366654
    },
    "blood_hco3": {
        "mean": 25.404055616808055,
        "std": 4.752652723874897
    },
    "daemo_sex": {
        "mean": 0.3454158862447787,
        "std": 0.47550391830297306
    },
    "vital_spo2": {
        "mean": 96.72764476122566,
        "std": 3.5693686172058134
    },
    "vent_vt_obs": {
        "mean": 7.6991440761608105,
        "std": 1.819158433707411
    },
    "vent_vt_action": {
        "min": 1.055876498859168,
        "max": 33.4216,
        "range_min": -1,
        "range_max": 1
    },
    "vent_rrtot": {
        "min": 3.0,
        "max": 60.0,
        "range_min": -1,
        "range_max": 1
    },
    "vent_peep": {
        "min": 0.0,
        "max": 42.0,
        "range_min": -1,
        "range_max": 1
    },
    "vent_fio2": {
        "min": 21.0,
        "max": 100.0,
        "range_min": -1,
        "range_max": 1
    },
    "vent_pinsp-peep": {
        "min": 0.0,
        "max": 60.0,
        "range_min": -1,
        "range_max": 1
    },
    "vent_mode": {
        "min": 2.0,
        "max": 3.0,
        "range_min": -1,
        "range_max": 1
    }
}